[
  {
    "topic": "Sylvester Stallone",
    "fact": "Born with partial facial paralysis affecting speech and facial muscles.",
    "source": "https://flipthemoviescript.com/sylvester-stallone-face-paralysis-birth-injury-story/"
  },
  {
    "topic": "Sylvester Stallone",
    "fact": "Pre-Rocky adult film work to cover expenses.",
    "source": "https://flipthemoviescript.com/sylvester-stallone-adult-movie-career-before-rocky/"
  },
  {
    "topic": "Rocky IV",
    "fact": "Hospitalized after fight scene with Dolph Lundgren.",
    "source": "https://flipthemoviescript.com/dolph-lundgren-put-sylvester-stallone-in-hospital-rocky-4/"
  }
]